-- Person
INSERT INTO MAS_PERSON (PER_ID, PER_SURNAME, PER_NAME, PER_ADDRESS) VALUES (1, 'Bigos', 'Apolinary', 'ul. Koszykowa 86A, Warszawa');
INSERT INTO MAS_PERSON (PER_ID, PER_SURNAME, PER_NAME, PER_ADDRESS) VALUES (2, 'Kapusta', 'Gryzelda', 'al. Niepodległości 26/3, Warszawa');
INSERT INTO MAS_PERSON (PER_ID, PER_SURNAME, PER_NAME, PER_ADDRESS) VALUES (3, 'Pietruszka', 'Baltazar', 'al. KEN 10/27, Warszawa');
INSERT INTO MAS_PERSON (PER_ID, PER_SURNAME, PER_NAME, PER_ADDRESS) VALUES (4, 'Barszcz', 'Kleofas', 'ul. Marszałkowaska 5/5, Warszawa');
INSERT INTO MAS_PERSON (PER_ID, PER_SURNAME, PER_NAME, PER_ADDRESS) VALUES (5, 'Pyra', 'Konstanty', 'ul. Mielna 5, Rembertów');
INSERT INTO MAS_PERSON (PER_ID, PER_SURNAME, PER_NAME, PER_ADDRESS) VALUES (6, 'Baklazan', 'Rufus', 'al. Warszawska 12B/27, Konin');
INSERT INTO MAS_PERSON (PER_ID, PER_SURNAME, PER_NAME, PER_ADDRESS) VALUES (7, 'Kalafior', 'Atanazy', 'ul. Bzdurna 5, Innowrocław');
INSERT INTO MAS_PERSON (PER_ID, PER_SURNAME, PER_NAME, PER_ADDRESS) VALUES (8, 'Karp', 'Apolinary', 'al. Kwiatów 2/10, Kraków');
INSERT INTO MAS_PERSON (PER_ID, PER_SURNAME, PER_NAME, PER_ADDRESS) VALUES (9, 'Jajecznica', 'Eustachy', 'ul. Zawodna 5, Rzeszów');
INSERT INTO MAS_PERSON (PER_ID, PER_SURNAME, PER_NAME, PER_ADDRESS) VALUES (10, 'Pudding', 'Archibald', 'ul. Wolna 12C/5A, Krawców');
INSERT INTO MAS_PERSON (PER_ID, PER_SURNAME, PER_NAME, PER_ADDRESS) VALUES (11, 'Klops', 'Kunegunda', 'al. Marzycieli 2/2, Gdańsk');
INSERT INTO MAS_PERSON (PER_ID, PER_SURNAME, PER_NAME, PER_ADDRESS) VALUES (12, 'Ananas', 'Roza', 'ul. Iwiczna 7, Świdnica');
INSERT INTO MAS_PERSON (PER_ID, PER_SURNAME, PER_NAME, PER_ADDRESS) VALUES (13, 'Sliwka', 'Eulalia', 'ul. Przykładowa 5/10, Wymysł');
INSERT INTO MAS_PERSON (PER_ID, PER_SURNAME, PER_NAME, PER_ADDRESS) VALUES (14, 'Paczek', 'Anastazja', 'al. Zagubionych 5, Jarzmów');
INSERT INTO MAS_PERSON (PER_ID, PER_SURNAME, PER_NAME, PER_ADDRESS) VALUES (15, 'Gruszka', 'Alojzy', 'ul. Ruda 12/3, Korbielów');
INSERT INTO MAS_PERSON (PER_ID, PER_SURNAME, PER_NAME, PER_ADDRESS) VALUES (16, 'Truten', 'Zenobi', 'al. Niezła 1/1, Drewina');
INSERT INTO MAS_PERSON (PER_ID, PER_SURNAME, PER_NAME, PER_ADDRESS) VALUES (17, 'Bluszcz', 'Klara', 'ul. Dobra 2/16, Łuszczów');
INSERT INTO MAS_PERSON (PER_ID, PER_SURNAME, PER_NAME, PER_ADDRESS) VALUES (18, 'Melon', 'Ambrozy', 'al. Pełna 5, Kwarterów');
INSERT INTO MAS_PERSON (PER_ID, PER_SURNAME, PER_NAME, PER_ADDRESS) VALUES (19, 'Dynia', 'Hieronim', 'ul. Zgubna 2, Konstancin');
INSERT INTO MAS_PERSON (PER_ID, PER_SURNAME, PER_NAME, PER_ADDRESS) VALUES (20, 'Banan', 'Hiacynta', 'al. Psów Wojny 12/7, Gdynia');

-- Client
INSERT INTO MAS_CLIENT (CLI_PER_ID, CLI_EMAIL) VALUES (1, 'apolinary.bigos@gmail.com');
INSERT INTO MAS_CLIENT (CLI_PER_ID, CLI_EMAIL) VALUES (2, 'gryzelda.kapusta@gmail.com');
INSERT INTO MAS_CLIENT (CLI_PER_ID, CLI_EMAIL) VALUES (3, 'baltazar.pietruszka@gmail.com');
INSERT INTO MAS_CLIENT (CLI_PER_ID, CLI_EMAIL) VALUES (4, 'kleofas.barszcz@wp.pl');
INSERT INTO MAS_CLIENT (CLI_PER_ID, CLI_EMAIL) VALUES (5, 'konstanty.pyra@gmail.com');
INSERT INTO MAS_CLIENT (CLI_PER_ID, CLI_EMAIL) VALUES (6, 'rufus.baklazan@gmail.com');
INSERT INTO MAS_CLIENT (CLI_PER_ID, CLI_EMAIL) VALUES (7, 'atanazy.kalafior@gmail.com');
INSERT INTO MAS_CLIENT (CLI_PER_ID, CLI_EMAIL) VALUES (8, 'apolinary.karp@wp.pl');
INSERT INTO MAS_CLIENT (CLI_PER_ID, CLI_EMAIL) VALUES (9, 'eustachy.jajecznica@gmail.com');
INSERT INTO MAS_CLIENT (CLI_PER_ID, CLI_EMAIL) VALUES (10, 'archibald.pudding@gmail.com');
INSERT INTO MAS_CLIENT (CLI_PER_ID, CLI_EMAIL) VALUES (11, 'kunegunda.klops@gmail.com');
INSERT INTO MAS_CLIENT (CLI_PER_ID, CLI_EMAIL) VALUES (12, 'roza.ananas@wp.pl');
INSERT INTO MAS_CLIENT (CLI_PER_ID, CLI_EMAIL) VALUES (13, 'eulalia.sliwka@gmail.com');
INSERT INTO MAS_CLIENT (CLI_PER_ID, CLI_EMAIL) VALUES (14, 'anastazja.paczek@gmail.com');

-- Employee
INSERT INTO MAS_EMPLOYEE (EMP_PER_ID, EMP_ACCOUNT_NUMBER, EMP_PHONE_NUMBER, EMP_VALID_FROM) VALUES (15, 'PL 40 8225 1019 1193 8893 2842 7789', '739367242', TO_TIMESTAMP('2018-06-17 23:33:50.000000', 'YYYY-MM-DD HH24:MI:SS.FF6'));
INSERT INTO MAS_EMPLOYEE (EMP_PER_ID, EMP_ACCOUNT_NUMBER, EMP_PHONE_NUMBER, EMP_VALID_FROM) VALUES (16, 'PL 24 8454 1037 9506 9280 2558 2382', '737349282', TO_TIMESTAMP('2018-06-17 23:33:50.000000', 'YYYY-MM-DD HH24:MI:SS.FF6'));
INSERT INTO MAS_EMPLOYEE (EMP_PER_ID, EMP_ACCOUNT_NUMBER, EMP_PHONE_NUMBER, EMP_VALID_FROM) VALUES (17, 'PL 36 1560 1094 2374 5275 3357 0456', '737455940', TO_TIMESTAMP('2018-06-17 23:33:50.000000', 'YYYY-MM-DD HH24:MI:SS.FF6'));
INSERT INTO MAS_EMPLOYEE (EMP_PER_ID, EMP_ACCOUNT_NUMBER, EMP_PHONE_NUMBER, EMP_VALID_FROM) VALUES (18, 'PL 14 1240 6638 8492 9684 0637 6212', '536731078', TO_TIMESTAMP('2018-06-17 23:33:50.000000', 'YYYY-MM-DD HH24:MI:SS.FF6'));
INSERT INTO MAS_EMPLOYEE (EMP_PER_ID, EMP_ACCOUNT_NUMBER, EMP_PHONE_NUMBER, EMP_VALID_FROM) VALUES (19, 'PL 71 1370 1314 4222 7177 0451 5952', '789294549', TO_TIMESTAMP('2018-06-17 23:33:50.000000', 'YYYY-MM-DD HH24:MI:SS.FF6'));
INSERT INTO MAS_EMPLOYEE (EMP_PER_ID, EMP_ACCOUNT_NUMBER, EMP_PHONE_NUMBER, EMP_VALID_FROM) VALUES (20, 'PL 93 8923 1021 3312 7976 6067 8743', '883266702', TO_TIMESTAMP('2018-06-17 23:33:50.000000', 'YYYY-MM-DD HH24:MI:SS.FF6'));

-- Role
INSERT INTO MAS_ROLE (ROL_ID, ROL_NAME) VALUES (1, 'Kontroler');
INSERT INTO MAS_ROLE (ROL_ID, ROL_NAME) VALUES (2, 'Projektant');
INSERT INTO MAS_ROLE (ROL_ID, ROL_NAME) VALUES (3, 'Handlowiec');

-- Employee Roles
INSERT INTO MAS_EMP_ROL (ERO_ID, ERO_EMP_ID, ERO_ROL_ID) VALUES (1, 15, 1);
INSERT INTO MAS_EMP_ROL (ERO_ID, ERO_EMP_ID, ERO_ROL_ID) VALUES (2, 15, 2);
INSERT INTO MAS_EMP_ROL (ERO_ID, ERO_EMP_ID, ERO_ROL_ID) VALUES (3, 16, 2);
INSERT INTO MAS_EMP_ROL (ERO_ID, ERO_EMP_ID, ERO_ROL_ID) VALUES (4, 17, 3);
INSERT INTO MAS_EMP_ROL (ERO_ID, ERO_EMP_ID, ERO_ROL_ID) VALUES (5, 18, 2);
INSERT INTO MAS_EMP_ROL (ERO_ID, ERO_EMP_ID, ERO_ROL_ID) VALUES (6, 19, 1);
INSERT INTO MAS_EMP_ROL (ERO_ID, ERO_EMP_ID, ERO_ROL_ID) VALUES (7, 19, 3);
INSERT INTO MAS_EMP_ROL (ERO_ID, ERO_EMP_ID, ERO_ROL_ID) VALUES (8, 20, 2);

-- Recipe
INSERT INTO MAS_RECIPE (REC_ID, REC_NAME, REC_DESCRIPTION, REC_PRICE) VALUES (1, 'Szalone Myśli', 'Dodaje energii i uruchamia kreatowyność!', 0.0000);
INSERT INTO MAS_RECIPE (REC_ID, REC_NAME, REC_DESCRIPTION, REC_PRICE) VALUES (2, 'Romantyk', 'Dla par, które lubią się cieszyć wspólnym wieczorem', 0.0000);
INSERT INTO MAS_RECIPE (REC_ID, REC_NAME, REC_DESCRIPTION, REC_PRICE) VALUES (3, 'Płaski brzuch', 'Nowa odchudzająca receptura', 0.0000);
INSERT INTO MAS_RECIPE (REC_ID, REC_NAME, REC_DESCRIPTION, REC_PRICE) VALUES (4, 'Tropikalny', 'Owoce prosto z tropików!', 0.0000);

-- Supplier
INSERT INTO MAS_SUPPLIER (SUP_ID, SUP_COMPANY_NAME, SUP_ADDRESS, SUP_PHONE_NUMBER) VALUES (4, 'GlassArt Sp. A.', 'ul. Szklana 9, Warszawa', '747584697');
INSERT INTO MAS_SUPPLIER (SUP_ID, SUP_COMPANY_NAME, SUP_ADDRESS, SUP_PHONE_NUMBER) VALUES (1, 'Szklane Wyroby Paweł Zaskroński', 'ul. Bycza 5, Torbielów', '752658954');
INSERT INTO MAS_SUPPLIER (SUP_ID, SUP_COMPANY_NAME, SUP_ADDRESS, SUP_PHONE_NUMBER) VALUES (2, 'Frutland Sp. z o.o.', 'ul. Chmielna 12, Warszawa', '226263548');
INSERT INTO MAS_SUPPLIER (SUP_ID, SUP_COMPANY_NAME, SUP_ADDRESS, SUP_PHONE_NUMBER) VALUES (3, 'NaturFarm Warzywa i Owoce Florian Dostępski', 'al. Wydajna 1, Radolice', '739548621');

-- Ingredient
INSERT INTO MAS_INGREDIENT (ING_ID, ING_NAME, ING_PRICE_PER_KG, ING_YIELD_PER_KG, ING_SUP_ID) VALUES (1, 'Jabłko', 4.2000, 0.6000, 2);
INSERT INTO MAS_INGREDIENT (ING_ID, ING_NAME, ING_PRICE_PER_KG, ING_YIELD_PER_KG, ING_SUP_ID) VALUES (2, 'Grusza', 5.3000, 0.7000, 2);
INSERT INTO MAS_INGREDIENT (ING_ID, ING_NAME, ING_PRICE_PER_KG, ING_YIELD_PER_KG, ING_SUP_ID) VALUES (3, 'Ananas', 7.0000, 0.8000, 3);
INSERT INTO MAS_INGREDIENT (ING_ID, ING_NAME, ING_PRICE_PER_KG, ING_YIELD_PER_KG, ING_SUP_ID) VALUES (4, 'Banan', 3.0000, 0.5000, 2);
INSERT INTO MAS_INGREDIENT (ING_ID, ING_NAME, ING_PRICE_PER_KG, ING_YIELD_PER_KG, ING_SUP_ID) VALUES (5, 'Kiwi', 5.6000, 0.7000, 3);
INSERT INTO MAS_INGREDIENT (ING_ID, ING_NAME, ING_PRICE_PER_KG, ING_YIELD_PER_KG, ING_SUP_ID) VALUES (6, 'Mango', 6.2500, 0.4000, 3);
INSERT INTO MAS_INGREDIENT (ING_ID, ING_NAME, ING_PRICE_PER_KG, ING_YIELD_PER_KG, ING_SUP_ID) VALUES (7, 'Marchew', 2.2000, 0.5000, 3);
INSERT INTO MAS_INGREDIENT (ING_ID, ING_NAME, ING_PRICE_PER_KG, ING_YIELD_PER_KG, ING_SUP_ID) VALUES (8, 'Pomarańcz', 4.3000, 0.8500, 2);

-- Ingredient Volume
INSERT INTO MAS_ING_IN_REC (IIR_ING_ID, IIR_REC_ID, IIR_VOLUME, IIR_ID) VALUES (1, 1, 0.5000, 1);
INSERT INTO MAS_ING_IN_REC (IIR_ING_ID, IIR_REC_ID, IIR_VOLUME, IIR_ID) VALUES (2, 1, 0.3000, 2);
INSERT INTO MAS_ING_IN_REC (IIR_ING_ID, IIR_REC_ID, IIR_VOLUME, IIR_ID) VALUES (5, 1, 0.1000, 3);

-- Status
INSERT INTO MAS_STATUS (STA_ID, STA_NAME) VALUES (1, 'Oczekująca');
INSERT INTO MAS_STATUS (STA_ID, STA_NAME) VALUES (2, 'Zaakceptowana');
INSERT INTO MAS_STATUS (STA_ID, STA_NAME) VALUES (3, 'Odrzucona');
INSERT INTO MAS_STATUS (STA_ID, STA_NAME) VALUES (4, 'Uszkodzona');
INSERT INTO MAS_STATUS (STA_ID, STA_NAME) VALUES (5, 'Przeterminowana');
INSERT INTO MAS_STATUS (STA_ID, STA_NAME) VALUES (6, 'Zużyta');

-- Vessel
INSERT INTO MAS_VESSEL (VES_ID, VES_NAME, VES_VOLUME, VES_PRICE, VES_STOCK, VES_SUP_ID) VALUES (1, 'Standard S', 0.2500, 0.3000, 100, 1);
INSERT INTO MAS_VESSEL (VES_ID, VES_NAME, VES_VOLUME, VES_PRICE, VES_STOCK, VES_SUP_ID) VALUES (2, 'Standard L', 0.5000, 0.5000, 50, 1);
INSERT INTO MAS_VESSEL (VES_ID, VES_NAME, VES_VOLUME, VES_PRICE, VES_STOCK, VES_SUP_ID) VALUES (3, 'Spirala', 0.3300, 0.4000, 30, 4);
INSERT INTO MAS_VESSEL (VES_ID, VES_NAME, VES_VOLUME, VES_PRICE, VES_STOCK, VES_SUP_ID) VALUES (4, 'Wieża', 0.3300, 1.2000, 30, 4);

-- Template
INSERT INTO MAS_TEMPLATE (TEM_ID, TEM_NAME, TEM_PRICE, TEM_VES_ID, TEM_REC_ID) VALUES (1, 'Tropikalny S', 1.8000, 1, 4);
INSERT INTO MAS_TEMPLATE (TEM_ID, TEM_NAME, TEM_PRICE, TEM_VES_ID, TEM_REC_ID) VALUES (2, 'Tropikalny L', 2.8000, 2, 4);
INSERT INTO MAS_TEMPLATE (TEM_ID, TEM_NAME, TEM_PRICE, TEM_VES_ID, TEM_REC_ID) VALUES (3, 'Romantyk', 3.0000, 4, 2);
INSERT INTO MAS_TEMPLATE (TEM_ID, TEM_NAME, TEM_PRICE, TEM_VES_ID, TEM_REC_ID) VALUES (4, 'Szalone myśli', 2.5000, 3, 1);
INSERT INTO MAS_TEMPLATE (TEM_ID, TEM_NAME, TEM_PRICE, TEM_VES_ID, TEM_REC_ID) VALUES (5, 'Płaski brzuch', 2.5000, 1, 3);

-- Set
INSERT INTO MAS_SET (SET_ID, SET_DESCRIPTION, SET_PRICE, SET_NAME) VALUES (1, 'Dla tych, którzy lubią cieszyć się chwilami z bliskimi!', 15.0000, 'Wakacyjny zestaw dla par');
INSERT INTO MAS_SET (SET_ID, SET_DESCRIPTION, SET_PRICE, SET_NAME) VALUES (2, 'Zestaw tropikalnych soków na upalne letnie dni!', 10.0000, 'Tropikalny');

-- Template Quantities
INSERT INTO MAS_TEM_IN_SET (TIS_TEM_ID, TIS_SET_ID, TIS_QUANTITY, TIS_ID) VALUES (3, 1, 4, 1);
INSERT INTO MAS_TEM_IN_SET (TIS_TEM_ID, TIS_SET_ID, TIS_QUANTITY, TIS_ID) VALUES (4, 1, 4, 2);
INSERT INTO MAS_TEM_IN_SET (TIS_TEM_ID, TIS_SET_ID, TIS_QUANTITY, TIS_ID) VALUES (1, 2, 5, 3);
INSERT INTO MAS_TEM_IN_SET (TIS_TEM_ID, TIS_SET_ID, TIS_QUANTITY, TIS_ID) VALUES (2, 2, 3, 4);